4r5e,ass
5h1t,shit
5hit,shit
a_s_s,ass
a*hole,asshole
a2m,ass
a55,ass
addict,addict
addicts,addict
africa,african
african,african
alla,allah
allah,allah
anal,anal
anal-impaler,anal
anal-leakage,anal
analannie,anal
analconda,anal
analphabet,anal
analsex,anal
anilingus,cunilingus
anus,anal
ar5e,ass
arab,arab
arabs,arab
arrse,ass
arse,ass
arsehole,ass
asian,asian
ass,ass
ass-fuck,assfucker
ass-fucker,assfucker
ass-hole,assfucker
ass-kisser,assfucker
ass-master,assfucker
ass-nugget,assfucker
ass-wipe,assfucker
assassin,assassinate
assassinate,assassinate
assassination,assassinate
assault,assault
assbagger,assfucker
assblaster,assfucker
assclown,assfucker
asscowboy,assfucker
asses,ass
assfuck,assfucker
assfucker,assfucker
assfukka,assfucker
asshat,assfucker
asshole,asshole
assholes,asshole
asshore,asshole
assjockey,asshole
asskiss,asshole
asskisser,asshole
assklown,asshole
asslick,asshole
asslicker,asshole
asslover,asshole
assman,asshole
assmonkey,asshole
assmucus,asshole
assmunch,asshole
assmuncher,asshole
asspacker,asshole
asspirate,asshole
asspuppies,asshole
assranger,asshole
asswhole,asshole
asswhore,asshole
asswipe,asshole
athletesfoot,athletesfoot
attack,attack
australian,australian
auto-erotic,erotic
autoerotic,erotic
b!tch,bitch
b00bs,boobs
b17ch,bitch
b1tch,bitch
babe,babe
babeland,babe
babies,baby
baby,baby
backdoor,backdoor
backdoorman,backdoor
badfuck,fuck
ball,ball
ball-gag,ballsuck
ball-gravy,ballsuck
ball-kicking,ballsuck
ball-licking,ballsuck
ball-sack,ballsuck
ball-sucking,ballsuck
ballbag,ballsuck
balllicker,ballsuck
balls,ball
ballsack,ballsuck
bast,bastard
bastard,bastard
bastardo,bastard
beaner,beaner
beaners,beaner
beast,beast
beastality,beast
beastial,beast
beastiality,beast
beaver,beaver
beaver-cleaver,beaver
beaver-lips,beaver
beavis,beaver
bellend,penis
bestial,bestial
bestiality,bestial
bi-sexual,bisexual
bi+ch,bitch
biatch,bitch
bible,bible
bigbastard,bastard
bigger,bugger
bitch,bitch
bitch-tit,bitch
bitchass-mother-fucker,bitch
bitcher,bitch
bitchers,bitch
bitches,bitch
bitchez,bitch
bitchin,bitch
bitching,bitch
bitchslap,bitch
bitchy,bitch
black,black
black-cock,black
blackman,black
blackout,black
blacks,black
block,block
bloody,bloody
blow,blowjob
blow-job,blowjob
blow-me,blowjob
blow-mud,blowjob
blow-your-load,blowjob
blowjob,blowjob
blowjobs,blowjob
boiolas,homosexual
bollick,bollock
bollock,bollock
bollocks,bollock
bollok,bollock
bomb,bomb
bombers,bomb
bombing,bomb
bombs,bomb
bomd,bomb
bondage,bondage
boner,boner
boob,boobs
boobies,boobs
boobs,boobs
booby,boobs
boody,boobs
booobs,boobs
boooobs,boobs
booooobs,boobs
booooooobs,boobs
booty,booty
booty-call,booty
bootycall,booty
breast,breast
breastjob,breast
breastlover,breast
breastman,breast
breasts,breast
buceta,cunt
bugger,bug
buggered,bug
buggery,bugger
bullshit,shit
bum,bum
bunny-fucker,bunny fucker
butt,butt
butt-bang,buttfuck
butt-fuck,buttfuck
butt-fucker,buttfuck
butt-fuckers,buttfuck
buttbang,buttfuck
buttcheeks,buttfuck
buttface,buttfuck
buttfuck,buttfuck
buttfucker,buttfuck
buttfuckers,buttfuck
butthead,buttfuck
butthole,butt
buttman,buttfuck
buttmuch,butt
buttmunch,buttfuck
buttmuncher,buttfuck
buttpirate,buttfuck
buttplug,butt
buttstain,buttfuck
byatch,bitch
c0ck,cock
c0cksucker,cock
carpet-muncher,carpet muncher
carpetmuncher,carpet muncher
cawk,penis
chin,chink
chink,chinese
chinky,chink
cipa,pussy
cl1t,clit
clit,clit
clitoris,clit
clits,clit
cnut,cunt
cock,cock
cock-juggling-thunder-cunt,cocksucker
cock-master,cocksucker
cock-pocket,cocksucker
cock-snot,cocksucker
cock-sucker,cock
cock-up,cocksucker
cockblock,cocksucker
cockblocker,cocksucker
cockboy,cocksucker
cockcowboy,cocksucker
cockface,cock
cockfight,cocksucker
cockfucker,cocksucker
cockhead,cock
cockknob,cocksucker
cocklicker,cocksucker
cocklover,cocksucker
cockmunch,cock
cockmuncher,cock
cocknob,cocksucker
cockqueen,cocksucker
cockrider,cocksucker
cockroach,cocksucker
cocks,cock
cocksman,cocksucker
cocksmith,cocksucker
cocksmoker,cocksucker
cocksucer,cocksucker
cocksuck,cock
cocksucked,cock
cocksucker,cock
cocksucking,cock
cocksucks,cock
cocksuka,cock
cocksukka,cock
cocktease,cocksucker
cocky,cock
cok,cock
cokmuncher,cock
coksucka,cock
coky,cok
coon,nigger
coons,coon
cox,cock
crap,crap
crapper,crap
crappy,crap
crotch,crotch
crotchjockey,crotch
crotchmonkey,crotch
crotchrot,crotch
cum,cum
cum-chugger,cumming
cum-dumpster,cumming
cum-freak,cumming
cum-guzzler,cumming
cum-guzzling-cock-sucker,cumming
cumbubble,cumming
cumdump,cumming
cumfest,cumming
cumjockey,cumming
cumjunkie,cumming
cumm,cumming
cummer,cum
cumming,cum
cumquat,cumming
cumqueen,cumming
cums,cum
cumshot,cum
cunilingus,cunnilingus
cunillingus,cunnilingus
cunn,cunt
cunnilingus,cunnilingus
cunntt,cunt
cunt,cunt
cunt-face,cunt
cunt-hair,cunt
cunt-hole,cunt
cunt-struck,cunt
cunt-sucker,cunt
cuntbag,cunt
cuntee,cunt
cunteyed,cunt
cuntfuck,cunt
cuntfucker,cunt
cuntlick,cunt
cuntlicker,cunt
cuntlicking,cunt
cunts,cunt
cuntsicle,cunt
cyalis,cyalis
cyberfuc,fuck
cyberfuck,fuck
cyberfucked,fuck
cyberfucker,fuck
cyberfuckers,fuck
cyberfucking,fuck
d1ck,dick
damn,damn
darn,damn
death,death
dick,dick
dick-hole,dick
dick-shy,dick
dick-sucker,dick
dickbrain,dick
dickforbrains,dick
dickhead,dick
dickless,dick
dicklick,dick
dicklicker,dick
dickman,dick
dickwad,dick
dickweed,dick
die,die
died,die
dies,die
dike,dick
dildo,dildo
dildos,dildo
dink,dink
dinks,dink
dipshit,dipshit
dirsa,idiot
dix,dick
dixiedike,dick
dixiedyke,dick
dlck,dick
dog-fucker,stupid
dog-style,doggystyle
"dog,-dirty",doggystyle
doggie-style,doggystyle
doggiestyle,doggystyle
doggin,dogging
dogging,dogging
doggy-style,doggystyle
doggystyle,doggystyle
donkeyribber,donkeyribber
doosh,idiot
douche,asshole
duche,idiot
dumb,dumb
dyke,dick
ejaculate,ejaculate
ejaculated,ejaculate
ejaculates,ejaculate
ejaculating,ejaculate
ejaculatings,ejaculate
ejaculation,ejaculate
ejakulate,ejaculate
execute,execute
executed,execute
execution,execute
executioner,execute
f_u_c_k,fuck
f-u-c-k,fuck
f-u-c-k-e-r,fuck
f*ing,fuck
f4nny,fanny
facefucker,fuck
faeces,fecal
fag,faggot
fagging,faggot
faggitt,faggot
faggot,faggot
faggs,faggot
fagot,faggot
fagots,faggot
fags,faggot
fanny,fanny
fannyflaps,fanny
fannyfucker,fanny
fanyy,fanny
fart,fart
farted,fart
farting,fart
farty,fart
fastfuck,fart
fatass,ass
fatfuck,fart
fatfucker,fart
fckcum,fart
fcuk,fuck
fcuker,fuck
fcuking,fuck
fecal,fecal
feces,fecal
feck,fuck
fecker,fuck
felatio,fellatio
felch,felch
felcher,felch
felching,felch
fellate,fellate
fellatio,fellate
feltch,felch
feltcher,felch
feltching,felch
figging,fagging
filipina,filipino
filipino,filipino
fingerfuck,fuck
fingerfucked,fuck
fingerfucker,fuck
fingerfuckers,fuck
fingerfucking,fuck
fingerfucks,fuck
fingering,fingerfucking
fist-fuck,fuck
fister,fisting
fistfuck,fuck
fistfucked,fuck
fistfucker,fuck
fistfuckers,fuck
fistfucking,fuck
fistfuckings,fuck
fistfucks,fuck
fisting,fisting
flange,vagina
fok,fook
fook,fuck
fooker,fuck
fu,fuck
fuc,fuck
fucck,fuck
fuck,fuck
fuck-ass,fuck
fuck-bitch,fuck
fuck-buttons,fuck
fuck-face,fuck
fuck-head,fuck
fuck-hole,fuck
fuck-me-in-the-ass-with-no-vaseline,fuck
fuck-noggin,fuck
fuck-puppet,fuck
fuck-trophy,fuck
fuck-yo-mama,fuck
fucka,fuck
fuckable,fuck
fuckbag,fuck
fuckbuddy,fuck
fucked,fuck
fuckedup,fuck
fucker,fuck
fuckers,fuck
fuckface,fuck
fuckfest,fuck
fuckfreak,fuck
fuckfriend,fuck
fuckhead,fuck
fuckheads,fuck
fuckher,fuck
fuckin,fuck
fuckina,fuck
fucking,fuck
fucking-pussy,fuck
fuckingbitch,fuck
fuckings,fuck
fuckingshitmotherfucker,fuck
fuckinnuts,fuck
fuckinright,fuck
fuckit,fuck
fuckknob,fuck
fuckme,fuck
fuckmeat,fuck
fuckmehard,fuck
fuckmonkey,fuck
fuckoff,fuck
fuckpig,fuck
fucks,fuck
fucktard,fuck
fucktards,fuck
fucktoy,fuck
fuckwhit,fuck
fuckwhore,fuck
fuckwit,fuck
fuckyou,fuck
fudge-packer,fuck
fudgepacker,fuck
fugly,fuck
fuk,fuck
fuker,fuck
fukker,fuck
fukkin,fuck
fuks,fuck
fukwhit,fuck
fukwit,fuck
fuuck,fuck
fux,fuck
fux0r,fuck
gang-bang,gangbang
gangbang,gangbang
gangbanged,gangbang
gangbanger,gangbanged
gangbangs,gangbang
gay,gay
gay-sex,gaysex
gaylord,gay
gaysex,gay
goatse,goatse
god,god
god,god
god-dam,goddamn
god-damn,goddamn
god-damned,goddamn
godammit,goddamn
goddamit,goddamn
goddammit,goddamn
goddamn,goddamn
goddamned,goddamn
goddamnes,goddamn
goddamnit,goddamn
goddamnmuthafucker,goddamn
goregasm,orgasm
gummer,cummer
hardcore,hardcoresex
hardcoresex,sex
hell,hell
heshe,heshe
hitler,hitler
hoar,whore
hoare,whore
hoer,whore
homo,homo
hooker,fooker
hore,whore
horn,horny
horney,horny
horniest,horny
horny,horny
hoser,hoer
hotsex,sex
hummer,cummer
idiot,idiot
itch,bitch
jack-off,jackoff
jackoff,jackoff
jap,jap
jerk,jerk
jerk-off,jerk
jerkoff,jerk-off
jesus,jesus
jiggaboo,nigger
jigger,nigger
jism,jism
jiz,jism
jizim,jizm
jizm,jism
jizz,jism
kawk,penis
kigger,nigger
kike,jew
kill,kill
killed,kill
killer,kill
killing,kill
kills,kill
kink,kink
kinkster,kink
kinky,kink
kinky-jesus,kink
kissass,ass
knob,knobhead
knob-end,knobhead
knobbing,knobhead
knobead,knobhead
knobed,knobhead
knobend,knobhead
knobhead,knobhead
knobjocky,knobhead
knobjokey,knobhead
kock,cock
kondum,condom
kondums,condom
kum,cum
kummer,cum
kumming,cum
kums,cum
kunilingus,cunnilingus
kunnilingus,kunilingus
l3i+ch,bitch
l3itch,bitch
labia,vagina
lesbain,lesbian
lesbayn,lesbian
lesbian,lesbian
lesbin,lesbian
lesbo,lesbian
lez,lesbian
lezbe,lesbian
lezbefriends,lesbian
lezbo,lesbian
lezz,lesbian
lezzo,lesbian
lust,lust
lusting,lust
m0f0,motherfucker
m0fo,motherfucker
m45terbate,masterbate
ma5terb8,masterbate
ma5terbate,masterbate
masochist,masochist
mastabate,masterbate
master-bate,masterbate
masterb8,masterbate
masterbat*,masterbate
masterbat3,masterbate
masterbate,masterbate
masterbation,masterbate
masterbations,masterbate
masterblaster,masterbate
mastrabator,masterbate
masturbate,masterbate
masturbating,masterbation
mo-fo,motherfucker
mof0,motherfucker
mofo,motherfucker
mothafuck,motherfucker
mothafucka,motherfucker
mothafuckas,motherfucker
mothafuckaz,motherfucker
mothafucked,motherfucker
mothafucker,motherfucker
mothafuckers,motherfucker
mothafuckin,motherfucker
mothafucking,motherfucker
mothafuckings,motherfucker
mothafucks,motherfucker
mother-fucker,motherfucker
motherfuck,motherfucker
motherfucked,motherfucker
motherfucker,motherfucker
motherfuckers,motherfucker
motherfuckin,motherfucker
motherfucking,motherfucker
motherfuckings,motherfucker
motherfuckka,motherfucker
motherfucks,motherfucker
motherlovebone,motherfucker
muff,vagina
muff-diver,vagina
muff-puff,vagina
muffdive,vagina
muffdiver,vagina
muffdiving,vagina
muffindiver,vagina
mufflikcer,vagina
muncher,cokmuncher
mutha,motherfucker
muthafecker,motherfucker
muthafuckker,motherfucker
muther,motherfucker
mutherfucker,motherfucker
n00b,noob
n1gga,nigger
n1gger,nigger
nazi,nazi
negro,nigger
negro's,nigger
negroes,nigger
negroid,nigger
ni33er,nigger
nig,nigger
nig-nog,nigger
niger,nigger
nigerian,nigger
nigerians,nigger
nigg,nigger
nigg3r,nigger
nigg4h,nigger
nigga,nigger
niggah,nigger
niggaracci,nigger
niggard,nigger
niggard's,nigger
niggarded,nigger
niggarding,nigger
niggardliness,nigger
niggardliness's,nigger
niggardly,nigger
niggards,nigger
niggas,nigger
niggaz,nigger
nigger,nigger
nigger's,nigger
niggerhead,nigger
niggerhole,nigger
niggers,nigger
niggle,nigger
niggled,nigger
niggles,nigger
niggling,nigger
nigglings,nigger
niggor,nigger
niggur,nigger
niglet,nigger
nignog,nigger
nigr,nigger
nigra,nigger
nigre,nigger
nlgger,nigger
nlggor,nigger
nob,nob
nob-jokey,nobjokey
nobhead,nob
nobjocky,nob
nobjokey,nob
nofuckingway,fuck
noob,noob
nookey,nobjokey
noonan,damn
numb-nuts,numbnuts
numbnuts,stupid
nutsack,penis
orgasim,orgasm
orgasims,orgasm
orgasm,orgasm
orgasms,orgasm
orgies,orgasm
orgy,orgasm
p0rn,porn
pawn,porn
pecker,penis
peenus,penis
peni5,penis
penile,penis
penis,penis
penises,penis
penisfucker,penis
pennis,penis
pervert,pervert
phone-sex,phonesex
phonesex,sex
phuck,fuck
phuk,fuck
phuked,fuck
phuking,fuck
phukked,fuck
phukking,fuck
phuks,fuck
phungky,fuck
phuq,fuck
pi55,piss
pigfucker,fuck
pimp,pimp
pimped,pimp
pimper,pimp
pimpis,pimp
pimpjuic,pimp
pimpjuice,pimp
pimpsimp,pimp
pindick,dick
pirate,pirate
piss,piss
piss-pig,piss
pissed,piss
pisser,piss
pissers,piss
pisses,piss
pissflaps,piss
pisshead,piss
pissin,piss
pissing,piss
pissoff,piss
pisspig,pissing
poo,poop
poop,poop
poop-chute,poop
poopchute,poop
pooper,poop
pooperscooper,poop
pooping,poop
poorwhitetrash,poop
popdick,dick
porn,porn
porno,porn
pornography,porn
pornos,porn
pornprincess,porn
pric,penis
prick,penis
prickhead,penis
pricks,penis
pron,porn
pu55i,pussy
pu55y,pussy
pube,puberty
pubes,puberty
pubic,puberty
pubiclice,puberty
puss,pussy
pusse,pussy
pussi,pussy
pussie,pussy
pussies,pussy
pussy,pussy
pussy-fart,pussy
pussy-palace,pussy
pussycat,pussy
pussyeater,pussy
pussyfucker,pussy
pussylicker,pussy
pussylips,pussy
pussylover,pussy
pussypounder,pussy
pussys,pussy
pusy,pussy
rape,rape
raped,rape
raper,rape
raping,rape
rapist,rape
rectum,rectum
retard,retard
retarded,retard
rigger,nigger
rimjaw,rimming
rimming,rimming
roundeye,whites
s_h_i_t,shit
s-hit,shit
s.o.b.,son of a bitch
sadis,sadist
sadism,sadist
sadist,sadist
schlong,penis
screwing,screwup
scroat,scrotum
scrote,scrotum
scrotum,scrotum
scum,cum
semen,semen
sex,sex
sexo,sex
sexy,sex
sh!+,shit
sh!t,shit
sh1t,shit
shag,fuck
shagger,fuck
shaggin,fuck
shagging,fuck
shemale,shemale
shhit,shit
shi+,shit
shibari,shit
shinola,shit
shit,shit
shit-eater,shit
shit-fucker,shit
shitblimp,shit
shitcan,shit
shitdick,shit
shite,shit
shiteater,shit
shited,shit
shitey,shit
shitface,shit
shitfaced,shit
shitfit,shit
shitforbrains,shit
shitfuck,shit
shitfucker,shit
shitfull,shit
shithapens,shit
shithappens,shit
shithead,shit
shithouse,shit
shiting,shit
shitings,shit
shitlist,shit
shitola,shit
shitoutofluck,shit
shits,shit
shitstain,shit
shitted,shit
shitter,shit
shitters,shit
shitting,shit
shittings,shit
shitty,shit
shitty-fart,shit
shoot,shoot
shooting,shoot
shortfuck,shitfuck
skank,skank
skanky,skank
skum,kum
slut,slut
sluts,slut
slutt,slut
smegma,penis
smut,porn
snatch,vagina
snigger,nigger
snigger's,niggers
sniggers,niggers
snob,nob
sodom,sodomise
sodomise,sodomise
sodomite,sodomise
sodomize,sodomise
sodomy,sodomise
son-of-a-bitch,son of a bitch
sonofabitch,son of a bitch
sonofbitch,son of a bitch
sos,same old shit
spac,retard
spitter,shitter
spunk,ejaculate
spunky,spunk
stupid,stupid
suck,sucks
sucker,fucker
suckme,fuckme
sucks,sucks
t1tt1e5,tits
t1tties,tits
teets,tits
teez,tits
testical,testicle
testicle,testicle
testicles,testicle
tit,tits
tit-wank,titwank
titfuck,tits
titfucker,titfuck
titfuckin,titfuck
tits,tits
titt,tits
tittie,tittie5
tittie5,tits
tittiefucker,tits
titties,tits
titty,titt
tittyfuck,tits
tittywank,tits
titwank,tits
tosser,wanker
trots,shit
turd,shit
tw4t,vagina
twat,vagina
twathead,vagina
twatty,vagina
twink,gay
twunt,vagina
twunter,vagina
uck,fuck
v14gra,viagra
v1gra,viagra
vagina,vagina
vaginal,vagina
viagra,viagra
vulva,vagina
w00se,coward
wang,wanker
wank,wanker
wanker,wanker
wanky,wanker
whites,whites
whitey,shitey
whoar,whore
whore,whore
wigger,nigger
willie,penis
willies,penis
williewanker,penis
willy,penis
wtf,fuck
xrated,xrated
xxx,xrated